﻿pos_x,pos_y,rotation,side,designator,mpn,pack,footprint,value,mount_type
167.5,-109.75,90.0,top,BOOT2,,,SW_SPST_B3U-1000P,SW_Push,smt
179.75,-114.0,180.0,bottom,BT1,,,BatteryHolder_Keystone_1042_1x18650,Battery_Cell,smt
191.3,-104.25,0.0,top,C1,,,C_0805_2012Metric,0.1uF,smt
167.7,-104.5,0.0,top,C2,,,C_0805_2012Metric,0.1uF,smt
144.225,-108.75,180.0,top,C3,,,C_0805_2012Metric,10uF,smt
148.125,-108.75,0.0,top,C4,,,C_0805_2012Metric,10uF,smt
196.5,-116.7,90.0,top,C5,,,C_0805_2012Metric,0.1uF,smt
165.3,-115.25,0.0,top,C6,,,C_0805_2012Metric,100nF,smt
155.75,-113.7,-90.0,top,C7,,,C_0805_2012Metric,10uF,smt
163.75,-102.2,90.0,top,C8,,,C_0805_2012Metric,10uF,smt
156.7375,-107.75,0.0,top,D1,,,LED_0805_2012Metric,LED,smt
144.1375,-123.75,0.0,top,D2,,,LED_0805_2012Metric,LED,smt
148.1375,-123.79,0.0,top,D3,,,LED_0805_2012Metric,LED,smt
143.0,-103.5,-90.0,top,D5,,,D_SMA,D,smt
138.0,-103.5,-90.0,top,D6,,,D_SMA,D,smt
203.675,-101.0,90.0,top,LD2420,,,PinHeader_1x05_P2.54mm_Vertical,Conn_01x05_Pin,tht
161.0,-121.0,180.0,top,Q1,,Package,SOP65P640X120-8N,FS8205A,smt
195.73,-104.22,0.0,top,R1,,,R_0805_2012Metric,10K,smt
187.4975,-122.75,0.0,top,R10,,,R_0805_2012Metric,0,smt
187.4975,-119.75,0.0,top,R11,,,R_0805_2012Metric,0,smt
143.5,-113.6625,90.0,top,R12,,,R_0805_2012Metric,1.2K,smt
144.1625,-121.5,180.0,top,R13,,,R_0805_2012Metric,1K,smt
148.2375,-121.5,180.0,top,R14,,,R_0805_2012Metric,1K,smt
156.0,-117.25,180.0,top,R15,,,R_0805_2012Metric,1k,smt
165.3375,-117.5,180.0,top,R16,,,R_0805_2012Metric,100,smt
139.1625,-109.0,0.0,top,R2,,,R_0805_2012Metric,5.1K,smt
152.5875,-104.25,0.0,top,R3,,,R_0805_2012Metric,1M,smt
156.6625,-104.25,0.0,top,R4,,,R_0805_2012Metric,200K,smt
152.5875,-107.75,0.0,top,R5,,,R_0805_2012Metric,5.1k,smt
183.0875,-122.75,0.0,top,R6,,,R_0805_2012Metric,0,smt
183.0875,-119.75,0.0,top,R7,,,R_0805_2012Metric,0,smt
196.5,-120.3375,-90.0,top,R8,,,R_0805_2012Metric,4.7k,smt
206.75,-120.3375,-90.0,top,R9,,,R_0805_2012Metric,4.7k,smt
192.0,-109.3,-90.0,top,RESET1,,,SW_SPST_B3U-1000P,SW_Push,smt
179.85,-109.75,0.0,top,U1,,,ESP32-S3-MINI-1,ESP32-S3-MINI-1,smt
139.0875,-113.5,0.0,top,U2,,,Diodes_UDFN-10_1.0x2.5mm_P0.5mm,D3V3XA4B10LP,smt
147.925,-105.5,0.0,top,U3,,,SOT-23-5,TLV75801PDBV,smt
202.0,-120.25,0.0,top,U4,,Package,PSON100P300X300X110-6N,AHT20,smt
149.75,-116.5,0.0,top,U5,,None,SOIC127P600X175-9N,TP4056-42-ESOP8,smt
160.25,-113.75,0.0,top,U6,,,SOT-23-6,DW01A,smt
131.0,-114.0,-90.0,top,USB_C1,,,USB_C_Receptacle_GCT_USB4105-xx-A_16P_TopMnt_Horizontal,USB_C_Plug_USB2.0,smt
