﻿Designator,Quantity,Value,Footprint,Package,MPN,DNP,Mount_Type,Description,Sim.Device,Sim.Pins,MF,MAXIMUM_PACKAGE_HEIGHT,Price,Check_prices,STANDARD,PARTREV,SnapEDA_Link,MP,Description_1,Availability,MANUFACTURER
"3.3V1, BOOT1, D4, RESET2, RX1, TX1, VBUS1",7,TestPoint,TestPoint_Pad_D1.5mm,,,,tht,test point,,,,,,,,,,,,,
"BOOT2, RESET1",2,SW_Push,SW_SPST_B3U-1000P,,,,smt,"Push button switch, generic, two pins",,,,,,,,,,,,,
BT1,1,Battery_Cell,BatteryHolder_Keystone_1042_1x18650,,,,smt,Single-cell battery,,,,,,,,,,,,,
"C1, C2, C5",3,0.1uF,C_0805_2012Metric,,,,smt,Unpolarized capacitor,,,,,,,,,,,,,
"C3, C4, C7, C8",4,10uF,C_0805_2012Metric,,,,smt,Unpolarized capacitor,,,,,,,,,,,,,
C6,1,100nF,C_0805_2012Metric,,,,smt,Unpolarized capacitor,,,,,,,,,,,,,
"D1, D2, D3",3,LED,LED_0805_2012Metric,,,,smt,Light emitting diode,,,,,,,,,,,,,
"D5, D6",2,D,D_SMA,,,,smt,Diode,D,1=K 2=A,,,,,,,,,,,
JP1,1,Jumper_2_Open,SolderJumper-2_P1.3mm_Open_RoundedPad1.0x1.5mm,,,,tht,"Jumper, 2-pole, open",,,,,,,,,,,,,
LD2420,1,Conn_01x05_Pin,PinHeader_1x05_P2.54mm_Vertical,,,,tht,"Generic connector, single row, 01x05, script generated",,,,,,,,,,,,,
Q1,1,FS8205A,SOP65P640X120-8N,Package,,,smt,,,,Fortune Semiconductor,1.2mm,None,https://www.snapeda.com/parts/FS8205A/Fortune+Semiconductor/view-part/?ref=eda,IPC 7351B,1.7,https://www.snapeda.com/parts/FS8205A/Fortune+Semiconductor/view-part/?ref=snap,FS8205A,"
                        
                            
                        
",In Stock,Fortune Semiconductor
R1,1,10K,R_0805_2012Metric,,,,smt,Resistor,,,,,,,,,,,,,
"R10, R11, R6, R7",4,0,R_0805_2012Metric,,,,smt,Resistor,,,,,,,,,,,,,
R12,1,1.2K,R_0805_2012Metric,,,,smt,Resistor,,,,,,,,,,,,,
"R13, R14",2,1K,R_0805_2012Metric,,,,smt,Resistor,,,,,,,,,,,,,
R15,1,1k,R_0805_2012Metric,,,,smt,Resistor,,,,,,,,,,,,,
R16,1,100,R_0805_2012Metric,,,,smt,Resistor,,,,,,,,,,,,,
R2,1,5.1K,R_0805_2012Metric,,,,smt,Resistor,,,,,,,,,,,,,
R3,1,1M,R_0805_2012Metric,,,,smt,Resistor,,,,,,,,,,,,,
R4,1,200K,R_0805_2012Metric,,,,smt,Resistor,,,,,,,,,,,,,
R5,1,5.1k,R_0805_2012Metric,,,,smt,Resistor,,,,,,,,,,,,,
"R8, R9",2,4.7k,R_0805_2012Metric,,,,smt,Resistor,,,,,,,,,,,,,
U1,1,ESP32-S3-MINI-1,ESP32-S3-MINI-1,,,,smt,"Smallsized module supporting 2.4 GHz WiFi (802.11 b/g/n) and Bluetooth ® 5 (LE) Built around ESP32S3 series of SoCs, Xtensa ® dualcore 32bit LX7 microprocessor Flash up to 8 MB, optional 2 MB PSRAM in chip package 39 GPIOs, rich set of peripherals Onboard PCB antenna or external antenna connector",,,,,,,,,,,,,
U2,1,D3V3XA4B10LP,Diodes_UDFN-10_1.0x2.5mm_P0.5mm,,,,smt,"4-Channel Low Capacitance TVS Diode Array, DFN-10",,,,,,,,,,,,,
U3,1,TLV75801PDBV,SOT-23-5,,,,smt,"500mA Low-Dropout Linear Regulator, Adjustable Output, SOT-23-5",,,,,,,,,,,,,
U4,1,AHT20,PSON100P300X300X110-6N,Package,,,smt,,,,Asair,1.1mm,None,https://www.snapeda.com/parts/AHT20/Asair/view-part/?ref=eda,IPC 7351B,V1.0,https://www.snapeda.com/parts/AHT20/Asair/view-part/?ref=snap,AHT20,"
                        
                            Temperature and Humidity sensor
                        
",Not in stock,Asair
U5,1,TP4056-42-ESOP8,SOIC127P600X175-9N,None,,,smt,,,,toppower,1.75mm,None,https://www.snapeda.com/parts/TP4056-42-ESOP8/toppower/view-part/?ref=eda,IPC-7351B,NA,https://www.snapeda.com/parts/TP4056-42-ESOP8/toppower/view-part/?ref=snap,TP4056-42-ESOP8,"
                        
                            
                        
",Not in stock,Top Power
U6,1,DW01A,SOT-23-6,,,,smt,"Overcharge, overcurrent and overdischarge protection IC for single cell lithium-ion/polymer battery",,,,,,,,,,,,,
USB_C1,1,USB_C_Plug_USB2.0,USB_C_Receptacle_GCT_USB4105-xx-A_16P_TopMnt_Horizontal,,,,smt,USB 2.0-only Type-C Plug connector,,,,,,,,,,,,,
